City,Cloudiness,Country,Date,Humidity,Lat,Lng,Max Temp,Wind Speed
camopi,80,GF,1553390314.8429627,71,3.17,-52.33,79.9,4.16
new norfolk,20,AU,1553390314.9441116,64,-42.78,147.06,70.0,10.29
antalaha,8,MG,1553390315.1371014,92,-14.9,50.28,77.65,9.64
jamestown,80,AU,1553390315.2368212,70,-33.21,138.6,71.98,14.23
meulaboh,88,ID,1553390315.3285446,100,4.14,96.13,76.75,4.05
ushuaia,40,AR,1553390315.634485,62,-54.81,-68.31,53.6,9.17
hermanus,68,ZA,1553390315.732801,95,-34.42,19.24,63.0,2.93
punta arenas,75,CL,1553390315.8314998,87,-53.16,-70.91,53.01,3.36
chateau-thierry,0,FR,1553390316.0983639,93,49.05,3.4,44.6,2.24
bluff,0,AU,1553390316.2025313,63,-23.58,149.07,83.86,5.61
khasan,64,RU,1553390316.3964396,87,42.43,130.64,32.83,4.94
rikitea,80,PF,1553390316.4964528,97,-23.12,-134.97,79.72,17.69
namibe,8,AO,1553390316.6058817,100,-15.19,12.15,78.01,4.16
tabuny,24,RU,1553390316.9269094,85,52.78,78.79,23.74,3.6
constitucion,5,MX,1553390317.08888,7,23.99,-104.67,77.0,4.7
okhotsk,64,RU,1553390317.394231,75,59.36,143.24,25.36,6.96
bredasdorp,92,ZA,1553390317.492863,83,-34.53,20.04,69.8,4.7
hervey bay,75,AU,1553390317.6967955,58,-25.3,152.85,91.0,6.93
truckee,40,US,1553390317.798513,45,39.33,-120.18,46.99,14.99
kavieng,64,PG,1553390317.9058053,99,-2.57,150.8,84.22,6.4
arraial do cabo,56,BR,1553390318.0067418,88,-22.97,-42.02,78.91,9.64
barrow,24,AR,1553390318.1448123,85,-38.31,-60.23,57.85,12.77
mataura,92,NZ,1553390318.243569,51,-46.19,168.86,70.81,5.95
tessalit,48,ML,1553390318.4341526,15,20.2,1.01,65.23,8.75
forbes,64,AU,1553390318.5961797,38,-33.38,148.01,84.0,1.01
haines junction,68,CA,1553390318.6959617,57,60.75,-137.51,40.93,5.61
progreso,0,UY,1553390319.2719705,77,-34.68,-56.22,71.01,5.82
cape town,0,ZA,1553390319.366194,93,-33.93,18.42,70.0,6.93
saskylakh,0,RU,1553390319.4646275,35,71.97,114.09,-24.06,2.93
dalby,0,AU,1553390319.8875973,51,-27.18,151.26,93.0,8.05
ahipara,0,NZ,1553390319.9900882,74,-35.17,173.16,73.6,4.94
yellowknife,20,CA,1553390320.1368036,43,62.45,-114.38,14.0,10.29
lebu,20,ET,1553390320.231403,44,8.96,38.73,60.8,6.93
avarua,76,CK,1553390320.326947,94,-21.21,-159.78,78.8,16.11
thompson,5,CA,1553390320.4291224,47,55.74,-97.86,12.2,13.87
evensk,0,RU,1553390320.528061,89,61.92,159.24,26.26,13.11
bathsheba,40,BB,1553390320.631047,74,13.22,-59.52,78.8,18.34
pudozh,92,RU,1553390320.8178735,95,61.81,36.54,33.01,16.69
qaanaaq,20,GL,1553390320.917942,78,77.48,-69.36,-26.31,10.98
vaini,0,IN,1553390321.0159614,60,15.34,74.49,68.0,0.92
cayenne,20,GF,1553390321.421966,83,4.94,-52.33,78.8,4.7
bonthe,68,SL,1553390321.5185964,76,7.53,-12.5,81.34,3.6
usinsk,92,RU,1553390321.7122288,91,66.0,57.56,26.8,17.47
manaure,0,CO,1553390321.8080964,87,11.78,-72.45,79.9,23.06
katsuura,20,JP,1553390321.9133403,57,33.93,134.5,48.2,9.17
zhuanghe,0,CN,1553390322.0289237,91,39.7,122.97,44.01,16.8
gat,0,SN,1553390322.1583412,82,14.69,-16.54,64.4,16.11
kieta,92,PG,1553390322.3521485,96,-6.22,155.63,81.52,4.72
bambous virieux,75,MU,1553390322.4561484,88,-20.34,57.76,80.6,13.87
baillif,0,GP,1553390322.6637864,78,16.02,-61.75,77.0,8.05
san jeronimo,24,PE,1553390322.8883603,89,-13.65,-73.37,46.87,1.81
kruisfontein,76,ZA,1553390322.9859445,83,-34.0,24.73,65.95,3.94
puerto ayora,20,EC,1553390323.1193912,78,-0.74,-90.35,82.4,10.29
santa isabel do rio negro,48,BR,1553390323.3537545,92,-0.41,-65.02,78.55,0.36
severo-kurilsk,88,RU,1553390323.461261,99,50.68,156.12,30.04,19.48
gotsu,40,JP,1553390323.6747124,66,35.01,132.22,48.2,3.36
fatehpur,20,PK,1553390323.9524572,92,31.18,71.21,53.53,2.93
nehe,8,CN,1553390324.371581,46,48.48,124.88,30.76,9.42
sampit,44,ID,1553390324.791946,95,-2.54,112.95,76.03,4.72
price,90,US,1553390325.0547318,57,39.6,-110.81,48.2,8.05
hilo,40,US,1553390325.2020223,61,19.71,-155.08,80.01,13.87
burgeo,64,CA,1553390325.3124468,89,47.61,-57.61,33.01,19.15
busselton,12,AU,1553390325.4209776,44,-33.64,115.35,64.99,13.33
sabha,24,LY,1553390325.6204238,53,27.03,14.43,55.06,7.4
saint stephen,1,US,1553390325.9331155,79,45.7,-94.27,44.6,3.36
blind river,1,CA,1553390326.1253505,64,46.19,-82.96,33.8,14.79
pisco,75,PE,1553390326.3278584,78,-13.71,-76.2,71.6,19.46
pamplona,0,ES,1553390326.4646132,81,42.82,-1.64,48.2,2.24
thinadhoo,48,MV,1553390326.578029,100,0.53,72.93,84.4,7.63
karema,92,TZ,1553390326.762143,99,-6.82,30.44,64.42,1.92
moosomin,12,CA,1553390326.9527285,92,50.14,-101.67,36.43,5.06
tuktoyaktuk,75,CA,1553390327.0524104,72,69.44,-133.03,15.8,20.8
hobart,20,AU,1553390327.1469364,64,-42.88,147.33,70.0,10.29
saint-philippe,1,CA,1553390327.2430823,50,45.36,-73.48,32.0,16.11
uttaradit,8,TH,1553390327.4340124,78,17.63,100.1,82.99,2.24
bethel,40,US,1553390327.5347843,65,60.79,-161.76,44.6,12.75
fort nelson,75,CA,1553390327.6424549,56,58.81,-122.69,42.8,3.38
magadan,32,RU,1553390327.7342052,95,59.56,150.8,23.65,21.16
sainte-rose,20,CA,1553390327.979808,46,45.61,-73.79,32.0,11.41
port alfred,0,ZA,1553390328.1511602,96,-33.59,26.89,73.99,16.58
tiksi,64,RU,1553390328.2461789,77,71.64,128.87,4.39,4.05
ribeira grande,56,PT,1553390328.3407547,100,38.52,-28.7,57.85,25.86
tasiilaq,0,GL,1553390328.4370887,47,65.61,-37.64,12.2,3.36
kokkola,0,FI,1553390328.6328409,59,63.84,23.13,37.4,19.46
upernavik,24,GL,1553390328.7391963,100,72.79,-56.15,-10.56,8.75
iqaluit,90,CA,1553390328.9391615,77,63.75,-68.52,6.8,28.86
prado,80,BR,1553390329.4103873,98,-17.34,-39.22,81.97,18.03
albany,1,US,1553390329.512418,63,42.65,-73.75,33.01,14.99
fukue,20,JP,1553390329.707132,100,35.03,136.69,51.01,13.87
madang,92,PG,1553390330.024978,100,-5.21,145.81,74.86,3.71
hofn,76,IS,1553390330.1217587,100,64.25,-15.21,39.4,22.28
phetchabun,56,TH,1553390330.2348156,68,16.42,101.16,76.3,3.15
port macquarie,0,AU,1553390330.3337061,58,-31.43,152.91,90.0,2.24
ginda,0,IN,1553390330.6409733,66,30.69,78.49,55.4,4.7
castro,90,CL,1553390330.7361133,76,-42.48,-73.76,53.6,4.7
baykit,88,RU,1553390330.9016087,75,61.68,96.39,15.64,3.83
srednekolymsk,12,RU,1553390331.0080895,72,67.46,153.71,12.4,2.59
high level,75,CA,1553390331.2553105,59,58.52,-117.13,35.6,12.75
mogadishu,64,SO,1553390331.3855064,100,2.04,45.34,80.53,12.21
mathathane,0,BW,1553390331.6902704,83,-22.27,28.75,68.83,9.31
yenagoa,12,NG,1553390331.9713824,93,4.92,6.26,75.85,5.84
taltal,0,CL,1553390332.2186246,83,-25.41,-70.49,62.26,2.37
bandarbeyla,92,SO,1553390332.3140042,100,9.49,50.81,79.63,9.42
alofi,68,NU,1553390332.4076612,61,-19.06,-169.92,82.4,12.75
lasa,0,CY,1553390332.5179088,76,34.92,32.53,55.4,3.36
cabo san lucas,5,MX,1553390332.7187939,53,22.89,-109.91,75.2,8.05
zell am see,0,AT,1553390332.926541,70,47.32,12.8,42.8,8.05
plettenberg bay,88,ZA,1553390333.4040854,92,-34.05,23.37,69.91,6.4
mahebourg,75,MU,1553390333.5018644,88,-20.41,57.7,80.6,13.87
papar,75,MY,1553390333.694649,83,5.73,115.93,82.4,2.24
vagur,88,FO,1553390333.916532,97,61.47,-6.81,45.16,34.25
meridian,1,US,1553390334.3263488,28,32.36,-88.7,71.6,3.36
berea,1,US,1553390334.5017838,34,41.37,-81.85,39.2,2.59
flin flon,0,CA,1553390334.60298,58,54.77,-101.88,22.48,10.76
kontagora,8,NG,1553390334.8351738,68,10.4,5.47,76.66,1.7
najran,0,SA,1553390335.0420554,28,17.54,44.22,73.4,4.72
hami,0,CN,1553390335.2980497,42,42.84,93.51,31.75,8.41
havoysund,36,NO,1553390335.4940956,63,71.0,24.66,30.2,6.93
sao filipe,0,CV,1553390335.5917165,98,14.9,-24.5,69.91,13.22
lompoc,75,US,1553390335.684818,72,34.64,-120.46,64.4,14.99
tautira,40,PF,1553390335.7775183,70,-17.73,-149.15,87.8,16.11
broome,80,GB,1553390335.875854,86,52.47,1.45,43.0,3.83
east london,0,ZA,1553390335.9748147,91,-33.02,27.91,76.12,24.52
las palmas,40,PE,1553390336.4753346,290,-6.53,-76.35,62.6,6.93
codrington,40,AU,1553390336.573012,66,-28.95,153.24,88.0,3.36
kodiak,90,US,1553390336.6669722,83,39.95,-94.76,55.4,9.17
georgetown,20,GY,1553390336.8623788,74,6.8,-58.16,82.4,9.17
libourne,0,FR,1553390337.0706177,81,44.91,-0.24,53.01,6.17
lavumisa,56,ZA,1553390337.2942376,94,-27.31,31.88,71.6,2.71
hobyo,68,SO,1553390337.3914409,83,5.35,48.53,80.71,13.22
nkhotakota,80,MW,1553390337.8076239,99,-12.93,34.3,72.25,8.63
husavik,0,CA,1553390337.9219427,85,50.56,-96.99,39.99,8.01
chokurdakh,36,RU,1553390338.0146222,72,70.62,147.9,-6.15,4.38
carnarvon,76,ZA,1553390338.1112602,21,-30.97,22.13,69.73,4.72
tela,20,HN,1553390338.4220424,57,15.78,-87.45,80.6,16.11
mar del plata,0,AR,1553390338.5253053,81,-46.43,-67.52,54.16,4.16
faanui,8,PF,1553390338.6601872,100,-16.48,-151.75,84.4,9.64
bonfim,75,BR,1553390338.9667933,73,-20.33,-44.24,71.6,10.29
fortuna,0,ES,1553390339.0842662,81,38.18,-1.13,55.4,4.7
manyana,92,AU,1553390339.276919,65,-35.26,150.51,82.99,8.05
joshimath,0,IN,1553390339.548359,100,30.57,79.57,2.5,0.58
pevek,0,RU,1553390339.6519713,78,69.7,170.27,-7.86,1.7
salalah,40,OM,1553390339.8573995,78,17.01,54.1,78.8,8.05
kirakira,64,SB,1553390339.9541445,100,-10.46,161.92,83.32,10.76
valente,80,BR,1553390340.203836,97,-11.41,-39.46,70.81,3.27
tuatapere,68,NZ,1553390340.3035676,72,-46.13,167.69,67.03,8.63
grindavik,40,IS,1553390340.396775,100,63.84,-22.43,33.01,5.82
peniche,0,PT,1553390340.500581,39,39.36,-9.38,64.4,14.99
lorengau,68,PG,1553390340.5974889,97,-2.02,147.27,83.05,10.98
lowestoft,76,GB,1553390340.7979882,86,52.48,1.75,43.0,8.41
campo verde,75,PE,1553390341.1611283,94,-8.47,-74.81,77.0,2.24
garowe,92,SO,1553390341.2554932,95,8.41,48.48,69.46,8.41
ekhabi,36,RU,1553390341.5955842,85,53.51,142.97,10.51,14.79
chuy,8,UY,1553390341.6983712,81,-33.69,-53.46,65.32,11.32
koslan,68,RU,1553390341.909817,75,63.46,48.9,30.31,10.42
poindimie,68,NC,1553390342.2114215,100,-20.93,165.33,77.02,14.0
laguna,5,MX,1553390342.3958066,31,27.52,-110.01,78.8,8.05
kyren,44,RU,1553390342.9286175,66,51.68,102.13,19.87,3.15
cascais,0,PT,1553390343.1191008,39,38.7,-9.42,64.4,14.99
bonanza,36,NI,1553390343.5426853,56,14.03,-84.62,77.47,3.6
puerto ayacucho,36,CO,1553390343.7401862,71,5.66,-67.63,82.51,4.38
beringovskiy,88,RU,1553390343.8378093,94,63.05,179.32,12.76,19.82
saint george,0,GR,1553390343.9328904,80,39.45,22.34,42.8,4.16
geraldton,20,CA,1553390344.0324306,21,49.72,-86.95,48.2,10.29
revelstoke,1,CA,1553390344.2464685,75,50.99,-118.19,42.8,1.7
komsomolskiy,88,RU,1553390344.447113,90,67.55,63.78,19.87,18.25
nikolskoye,90,RU,1553390344.547162,86,59.7,30.79,39.2,6.71
bandundu,92,CD,1553390345.079089,100,-3.32,17.38,71.08,3.94
beirut,80,LB,1553390345.3654459,82,33.9,35.48,62.6,4.7
vostok,0,RU,1553390345.4684405,49,46.45,135.83,15.91,2.93
danesti,0,RO,1553390345.7623382,30,46.52,25.75,37.0,1.7
longyearbyen,20,NO,1553390345.8681705,66,78.22,15.63,15.8,12.75
tiarei,40,PF,1553390346.1017046,70,-17.53,-149.33,87.8,16.11
tilichiki,0,RU,1553390346.410919,80,60.47,166.1,9.61,3.94
bundaberg,75,AU,1553390346.6025882,58,-24.87,152.35,91.0,6.93
awjilah,0,LY,1553390346.7029028,75,29.14,21.3,59.92,9.98
khatanga,0,RU,1553390346.797093,28,71.98,102.47,-19.38,3.15
waitara,0,NZ,1553390346.999441,61,-39.0,174.24,75.99,1.99
axim,0,GH,1553390347.1126454,97,4.87,-2.24,83.41,8.75
oussouye,0,SN,1553390347.5355043,83,12.49,-16.54,69.8,6.93
mackay,90,CA,1553390347.8413184,75,53.65,-115.58,44.6,8.05
shelburne,1,CA,1553390347.9375603,54,44.08,-80.2,33.01,4.7
kahului,75,US,1553390348.0327957,73,20.89,-156.47,82.4,13.87
tshikapa,76,CD,1553390348.2509956,95,-6.42,20.79,73.33,1.92
pacific grove,40,US,1553390348.3497815,58,36.62,-121.92,61.0,10.29
coihaique,40,CL,1553390348.4435658,76,-45.58,-72.07,51.8,3.15
isangel,90,VU,1553390348.6369803,79,-19.55,169.27,84.2,4.7
carutapera,92,BR,1553390348.8315718,90,-1.2,-46.02,78.82,7.63
itarema,64,BR,1553390348.9295597,95,-2.92,-39.92,75.85,3.6
port hedland,90,AU,1553390349.117344,88,-20.31,118.58,80.6,42.5
kuusamo,0,FI,1553390349.3100128,80,65.96,29.19,30.2,11.41
mizdah,0,LY,1553390349.4054134,89,31.45,12.98,46.6,8.19
killam,8,CA,1553390349.596233,91,52.79,-111.86,34.54,13.67
imbituba,20,BR,1553390349.6949987,73,-28.24,-48.67,73.4,4.7
bay roberts,90,CA,1553390349.9827683,100,47.58,-53.28,37.99,5.82
half moon bay,20,US,1553390350.0809057,47,37.46,-122.43,61.0,9.17
visnes,32,NO,1553390350.2875676,86,59.36,5.22,42.01,11.41
huadian,48,CN,1553390350.4827268,61,42.97,126.75,32.56,10.98
guerrero negro,0,MX,1553390350.5818813,57,27.97,-114.04,67.21,12.55
dehloran,44,IR,1553390350.915202,55,32.69,47.27,60.55,9.53
vagay,64,RU,1553390351.2209494,85,57.94,69.02,27.61,4.38
kapaa,90,US,1553390351.3313644,78,22.08,-159.32,78.8,17.22
quatre cocos,75,MU,1553390351.429121,88,-20.21,57.76,80.6,13.87
mudu,20,CN,1553390351.731003,84,31.26,120.51,47.86,8.41
marzuq,0,YE,1553390351.9222484,89,14.4,46.47,49.3,2.37
mikuni,75,JP,1553390352.1116667,80,36.22,136.15,41.0,6.93
butaritari,76,KI,1553390352.2163806,100,3.07,172.79,80.08,8.75
saint-francois,0,FR,1553390352.3147266,93,46.42,3.91,35.6,3.36
poum,0,MK,1553390352.4153554,81,41.28,20.71,31.03,1.7
kingaroy,0,AU,1553390352.6014018,61,-26.54,151.84,91.0,5.82
rafai,8,CF,1553390352.8602395,76,4.95,23.92,76.48,10.09
provideniya,88,RU,1553390352.9641101,100,64.42,-173.23,19.6,20.83
barabai,76,ID,1553390353.2048292,93,-2.59,115.38,75.58,2.93
bilibino,0,RU,1553390353.3135068,77,68.06,166.44,8.08,3.15
aquiraz,75,BR,1553390353.5771117,94,-3.9,-38.39,79.0,3.36
palu,24,ID,1553390354.298275,80,-0.9,119.87,71.71,1.7
hokitika,0,NZ,1553390354.3965077,92,-42.72,170.96,65.14,4.5
kindersley,40,CA,1553390354.587338,75,51.47,-109.16,42.8,21.92
quang ngai,92,VN,1553390354.688448,96,15.12,108.8,72.25,2.15
atuona,64,PF,1553390354.7909918,99,-9.8,-139.03,82.6,16.69
umm lajj,88,SA,1553390354.9867344,75,25.02,37.27,69.19,9.64
margate,20,AU,1553390355.092261,64,-43.03,147.26,70.0,10.29
gamba,0,CN,1553390355.318291,26,28.28,88.52,-16.5,2.26
yerofey pavlovich,44,RU,1553390355.41713,76,53.97,121.97,14.2,0.92
sitka,0,US,1553390355.577713,51,37.17,-99.65,59.0,13.44
benghazi,100,LY,1553390355.6949034,100,32.12,20.07,60.19,16.46
airai,24,TL,1553390355.7939994,69,-8.93,125.41,78.73,2.15
hithadhoo,92,MV,1553390355.89108,100,-0.6,73.08,86.2,7.74
ponta do sol,68,BR,1553390355.989825,87,-20.63,-46.0,69.91,2.82
redmond,20,US,1553390365.1794963,44,47.67,-122.12,60.01,3.36
hiroshima,40,JP,1553390365.3778107,61,34.39,132.45,51.01,4.27
chone,88,EC,1553390365.4883778,96,-0.7,-80.09,75.49,3.83
marietta,1,US,1553390365.6966631,23,33.95,-84.55,62.6,0.13
luderitz,48,NA,1553390365.894581,94,-26.65,15.16,58.39,9.31
zaysan,0,KZ,1553390366.0870175,59,47.47,84.87,14.38,2.26
tomatlan,0,MX,1553390366.186958,45,19.93,-105.25,82.33,3.94
lata,0,IN,1553390366.4801042,63,30.78,78.62,40.03,2.82
jalu,0,LY,1553390366.5771894,68,29.03,21.55,60.91,10.76
yerbogachen,44,RU,1553390366.670746,60,61.28,108.01,6.73,6.4
aklavik,20,CA,1553390366.766716,62,68.22,-135.01,23.0,17.22
hasaki,20,JP,1553390366.8887217,45,35.73,140.83,50.0,9.17
vilyuysk,76,RU,1553390367.0879827,72,63.75,121.63,10.24,7.74
yangambi,56,CD,1553390367.297153,99,0.77,24.47,72.7,2.59
charlestown,1,US,1553390367.668629,32,41.38,-71.64,39.99,11.41
ambilobe,64,MG,1553390367.7673285,98,-13.19,49.05,72.52,2.71
lahat,92,ID,1553390368.0413504,99,-3.78,103.55,72.43,4.38
portland,1,US,1553390368.131888,50,45.52,-122.67,59.0,3.36
dicabisagan,20,PH,1553390368.3164403,96,17.08,122.42,76.21,3.38
ca mau,68,VN,1553390368.420911,96,9.18,105.15,79.27,8.75
that phanom,40,TH,1553390368.609816,94,16.94,104.73,78.8,2.24
melfi,5,IT,1553390368.7990057,33,41.0,15.66,44.6,12.75
chernyshevskiy,44,RU,1553390368.890475,64,63.01,112.47,5.29,7.4
vila franca do campo,75,PT,1553390369.0109131,76,37.72,-25.43,55.4,21.92
marsh harbour,0,BS,1553390369.210578,100,26.54,-77.06,73.15,9.42
zaraysk,0,RU,1553390369.6022701,89,54.76,38.88,21.99,4.05
sakata,75,JP,1553390369.847693,86,38.92,139.93,33.8,21.92
kununurra,0,AU,1553390370.0534759,62,-15.77,128.74,87.8,8.05
saldanha,0,PT,1553390370.3105242,68,41.42,-6.55,44.8,4.94
esperance,20,TT,1553390370.5096915,78,10.24,-61.45,79.0,10.29
pervomayskoye,80,RU,1553390370.8669055,94,57.07,86.23,21.4,2.93
berlevag,8,NO,1553390371.028599,100,70.86,29.09,26.35,9.42
iracoubo,92,GF,1553390371.3033562,77,5.48,-53.21,78.55,6.17
kaitangata,76,NZ,1553390371.4322755,72,-46.28,169.85,67.48,4.38
ueki,20,JP,1553390371.6284385,42,32.9,130.68,55.99,3.36
santa maria,0,BR,1553390371.722741,93,-29.69,-53.81,62.6,1.12
ancud,90,CL,1553390371.8190522,76,-41.87,-73.83,53.6,4.7
namatanai,36,PG,1553390371.923501,100,-3.66,152.44,82.33,5.17
kavaratti,8,IN,1553390372.0258114,100,10.57,72.64,83.23,10.65
mweka,80,CD,1553390372.2710478,97,-4.85,21.56,70.63,2.59
naze,44,NG,1553390372.463327,88,5.43,7.07,75.76,5.5
port elizabeth,1,US,1553390372.564978,28,39.31,-74.98,48.2,8.05
aswan,0,EG,1553390372.662394,22,24.09,32.9,78.8,10.29
marsa matruh,40,EG,1553390373.0330496,87,31.35,27.25,60.8,11.41
santa isabel,90,CO,1553390374.1574936,100,4.71,-75.1,75.2,2.26
ambanja,80,MG,1553390374.2645433,97,-13.68,48.45,71.62,2.37
tokur,8,RU,1553390374.5685878,48,53.13,132.9,7.27,2.59
shubarkuduk,0,KZ,1553390374.7582662,71,49.15,56.49,27.7,3.6
sao jose da coroa grande,44,BR,1553390374.8586006,93,-8.9,-35.15,78.28,5.61
san borja,64,BO,1553390375.08127,83,-14.86,-66.75,74.77,0.47
abu samrah,24,SY,1553390375.1786332,78,35.3,37.18,50.2,4.72
matagami,12,NG,1553390375.2846768,79,9.67,8.4,71.71,2.26
victoria,75,BN,1553390375.3849907,88,5.28,115.24,82.4,4.38
freeport,20,BS,1553390375.7985537,73,26.54,-78.7,69.8,2.24
ixtapa,5,MX,1553390375.8937132,74,20.71,-105.21,78.8,13.87
gra liyia,40,GR,1553390376.1045845,67,35.02,25.68,60.01,14.99
bandar-e lengeh,36,IR,1553390376.293473,72,26.56,54.88,68.0,16.11
broken hill,75,AU,1553390376.4932961,88,-31.97,141.45,68.0,14.99
ulaangom,0,MN,1553390376.6822536,59,49.98,92.07,-3.0,2.37
karratha,64,AU,1553390376.887342,57,-20.74,116.85,83.86,36.93
havelock,1,US,1553390377.1396503,28,34.88,-76.9,57.2,4.7
cobija,56,BR,1553390377.3379068,94,-11.02,-68.77,75.4,2.04
norman wells,75,CA,1553390377.4373477,64,65.28,-126.83,33.8,14.99
panjab,8,AF,1553390377.6414812,60,34.38,67.02,4.57,2.71
flinders,68,AU,1553390377.7381818,65,-34.58,150.85,90.0,8.05
estelle,75,US,1553390378.2611382,72,32.87,-97.01,69.8,11.41
dingle,56,PH,1553390378.3574808,74,11.0,122.67,77.56,14.67
kjollefjord,0,NO,1553390378.5441792,73,70.95,27.35,24.28,8.19
narsaq,24,GL,1553390378.6406617,47,60.91,-46.05,14.0,1.12
porto novo,75,BR,1553390378.776655,78,-23.68,-45.44,71.6,4.7
bilma,68,NE,1553390378.9663439,13,18.69,12.92,74.68,11.54
aden,100,YE,1553390379.2724586,100,12.79,45.03,78.46,18.7
oktyabrskiy,24,RU,1553390379.7919128,92,55.61,37.97,30.2,2.24
bubaque,8,GW,1553390379.9980807,100,11.28,-15.83,77.47,13.67
snasa,88,NO,1553390380.1364076,82,64.25,12.38,30.4,15.01
cap malheureux,75,MU,1553390380.232785,88,-19.98,57.61,80.6,13.87
sola,20,NO,1553390380.447333,93,58.89,5.65,42.01,5.82
muros,0,ES,1553390380.5484602,69,42.77,-9.06,57.0,3.36
vitim,12,RU,1553390380.742887,56,59.44,112.57,5.11,4.16
yongan,0,CN,1553390381.2241278,54,39.7,113.69,27.97,5.39
port-gentil,76,GA,1553390381.322212,100,-0.72,8.78,76.66,1.81
gloucester,90,GB,1553390381.4253385,70,51.87,-2.25,46.0,4.7
nemuro,75,JP,1553390381.5271266,68,43.32,145.57,24.8,8.05
maningrida,76,AU,1553390381.7137218,100,-12.05,134.23,81.07,17.47
port lincoln,76,AU,1553390381.9029493,93,-34.72,135.86,66.49,10.09
alice springs,40,AU,1553390382.0078294,38,-23.7,133.88,87.8,8.05
mecca,0,SA,1553390382.136827,60,21.43,39.83,59.74,2.59
lucapa,56,AO,1553390382.2359204,94,-8.42,20.74,69.1,2.71
khani,90,GE,1553390382.431706,100,41.96,42.96,39.2,8.05
nara,20,JP,1553390382.529496,52,34.68,135.8,48.0,5.82
rahuri,0,IN,1553390382.7229316,58,19.39,74.65,62.53,4.83
birjand,0,IR,1553390382.8199842,70,32.86,59.22,44.6,9.17
nanortalik,80,GL,1553390382.9153461,100,60.14,-45.24,21.94,7.74
uglegorsk,0,RU,1553390383.1113033,65,49.08,142.06,17.62,5.17
qasigiannguit,56,GL,1553390383.2088547,54,68.82,-51.19,1.4,20.8
yuci,0,CN,1553390383.4073718,29,37.68,112.73,37.4,2.24
pitimbu,0,BR,1553390383.6077778,83,-7.47,-34.81,80.6,4.7
buala,56,SB,1553390383.809347,86,-8.15,159.59,84.31,6.85
serra,75,BR,1553390384.192519,83,-20.13,-40.31,78.01,5.82
cherskiy,20,RU,1553390384.2884,68,68.75,161.3,4.75,2.15
gombong,88,ID,1553390384.7922862,96,-7.19,109.31,73.06,1.7
rocha,68,UY,1553390384.897947,56,-34.48,-54.34,68.56,8.52
santa cruz del sur,8,CU,1553390385.3229625,78,20.71,-78.0,73.96,15.79
constantine,20,DZ,1553390385.546325,93,36.36,6.61,44.6,1.92
visby,0,SE,1553390385.7829943,86,57.64,18.3,39.0,12.75
nanakuli,75,US,1553390385.9800272,54,21.39,-158.15,82.4,5.82
igarka,80,RU,1553390386.247361,87,67.47,86.57,16.27,8.41
lodja,68,CD,1553390386.4415395,96,-3.52,23.6,70.45,2.37
greeley,90,US,1553390386.8585713,75,41.55,-98.53,46.4,11.41
motygino,80,RU,1553390387.0476565,89,58.18,94.69,23.11,2.15
biasca,0,CH,1553390387.2411911,80,46.36,8.97,50.0,2.24
pinawa,0,CA,1553390387.4326272,88,50.15,-95.88,37.6,6.51
callaway,1,US,1553390387.6757946,91,46.98,-95.91,42.8,6.17
san quintin,0,PH,1553390387.7789102,64,17.54,120.52,73.15,4.38
altea,0,ES,1553390387.978666,76,38.6,-0.05,55.0,2.24
elwood,90,US,1553390388.3920517,93,40.59,-99.86,46.99,11.41
caravelas,76,BR,1553390388.4918513,100,-17.73,-39.27,82.06,16.69
lake city,90,US,1553390388.7000492,59,38.03,-107.32,41.0,4.7
manggar,80,ID,1553390388.9038644,100,-2.88,108.27,76.93,5.28
tara,20,JP,1553390389.3153787,49,33.0,130.15,50.0,6.93
santa cruz,40,US,1553390391.466161,28,36.97,-122.03,62.01,16.11
uvalde,90,US,1553390391.579133,77,29.21,-99.79,75.2,5.82
umm kaddadah,24,SD,1553390391.685534,26,13.6,26.69,69.73,2.93
irbeyskoye,68,RU,1553390391.8787508,88,55.64,95.45,23.38,2.71
gizo,92,IL,1553390392.3921142,87,31.8,34.94,59.0,4.7
port blair,0,IN,1553390392.702286,100,11.67,92.75,81.7,8.86
teahupoo,40,PF,1553390392.8965223,70,-17.83,-149.27,87.8,16.11
leixlip,75,IE,1553390393.1040194,70,53.36,-6.49,43.0,6.93
ilulissat,56,GL,1553390393.205938,54,69.22,-51.1,1.4,20.8
mount isa,90,AU,1553390393.3098094,74,-20.73,139.49,80.6,20.8
sao jose do rio pardo,0,BR,1553390393.502901,94,-21.6,-46.89,75.0,3.36
atambua,68,ID,1553390393.597896,100,-9.11,124.89,79.81,3.49
mozelos,0,PT,1553390393.9237251,62,41.0,-8.56,60.01,5.82
shagonar,0,RU,1553390394.113736,64,51.54,92.92,8.35,1.92
uthal,56,PK,1553390394.3122404,65,25.81,66.62,66.31,5.17
los llanos de aridane,76,ES,1553390394.5240786,59,28.66,-17.92,62.6,9.17
roma,0,IT,1553390394.6875677,53,41.89,12.48,55.99,3.36
tarbagatay,75,RU,1553390394.90141,55,51.48,107.36,33.8,11.18
medea,20,DZ,1553390395.0940113,100,36.27,2.77,46.4,2.24
tymovskoye,0,RU,1553390395.2879524,58,50.85,142.66,14.65,5.95
ust-ilimsk,8,RU,1553390395.498902,71,57.96,102.73,15.82,4.16
san patricio,0,PY,1553390395.6033828,74,-26.98,-56.83,67.21,3.83
palmer,0,AU,1553390395.6995254,60,-34.85,139.16,75.0,10.29
vizinga,12,RU,1553390395.9726663,92,61.08,50.08,27.88,7.96
coquimbo,20,CL,1553390396.0992248,87,-29.95,-71.34,57.2,8.05
valparaiso,1,US,1553390396.198729,48,41.47,-87.06,46.99,5.28
yulara,20,AU,1553390396.297645,30,-25.24,130.99,86.0,11.41
tarko-sale,80,RU,1553390396.4957325,88,64.92,77.78,22.93,8.08
adrar,0,DZ,1553390396.5898926,25,27.87,-0.29,62.6,12.75
lavrentiya,92,RU,1553390396.6862025,100,65.58,-170.99,18.07,14.67
ust-kuyga,8,RU,1553390396.9951584,60,70.0,135.55,-7.59,2.93
alta floresta,24,BR,1553390397.3021624,90,-9.87,-56.08,77.2,1.81
kenai,75,US,1553390397.6094449,86,60.55,-151.26,44.01,5.82
bolshoye selo,68,RU,1553390398.1220737,86,57.72,38.93,27.16,13.22
batagay-alyta,56,RU,1553390398.6332762,73,67.8,130.41,-1.38,3.27
seoul,1,KR,1553390398.7289257,55,37.57,126.98,42.8,3.36
isabela,0,PH,1553390398.846486,75,10.2,122.99,77.83,4.27
unai,64,BR,1553390398.963797,94,-16.36,-46.91,67.93,3.04
arlit,48,NE,1553390399.2509246,30,18.74,7.39,71.53,7.18
alpine,1,US,1553390399.897994,64,43.07,-85.69,39.2,5.82
wooster,1,US,1553390400.1701283,47,40.8,-81.94,41.0,4.83
tahoua,56,NE,1553390400.3561487,22,14.89,5.26,79.36,12.44
aksay,75,RU,1553390400.5804398,86,47.27,39.86,33.8,6.71
bozeman,1,US,1553390400.6857398,45,45.68,-111.04,48.0,2.48
istisu,0,AZ,1553390400.8774984,79,40.95,48.07,31.12,1.59
kapit,76,MY,1553390400.9758444,96,2.02,112.94,75.31,2.59
dourados,0,BR,1553390401.1694553,79,-22.22,-54.81,73.6,6.17
antigonish,90,CA,1553390401.5038972,96,45.62,-61.99,35.01,14.99
athabasca,8,CA,1553390401.628583,72,54.72,-113.29,44.62,9.19
quilmana,8,PE,1553390401.910285,86,-12.95,-76.38,68.2,2.37
san francisco,20,US,1553390411.1140327,47,37.78,-122.42,60.8,9.17
mount gambier,90,AU,1553390411.2706573,82,-37.83,140.78,66.2,11.41
sao miguel do araguaia,32,BR,1553390411.535996,92,-13.28,-50.16,77.11,4.38
waingapu,56,ID,1553390411.634685,87,-9.65,120.26,79.63,6.73
cam ranh,40,VN,1553390411.8255575,83,11.92,109.15,84.2,11.41
matara,24,PE,1553390411.9235642,89,-13.74,-72.9,46.87,1.81
ola,48,RU,1553390412.01734,93,59.58,151.3,23.29,20.94
pyapon,0,MM,1553390412.7846346,98,16.29,95.68,74.59,9.31
kapustin yar,76,RU,1553390413.094941,79,48.58,45.77,33.01,5.95
pochutla,20,MX,1553390413.4047616,74,15.74,-96.47,82.4,5.82
rio grande,0,BR,1553390413.9304318,94,-32.03,-52.1,67.66,10.2
alamosa,90,US,1553390414.0350757,30,37.47,-105.87,44.6,16.11
banda aceh,24,ID,1553390414.2022216,97,5.56,95.32,73.96,1.14
dunedin,68,NZ,1553390414.300536,71,-45.87,170.5,68.0,10.0
avera,1,US,1553390414.4047399,44,33.19,-82.53,59.0,3.36
kuytun,80,RU,1553390414.5023181,81,54.34,101.51,22.66,3.04
dikson,76,RU,1553390414.6069822,93,73.51,80.55,18.25,23.06
kochki,80,RU,1553390414.814482,93,54.33,80.49,28.69,3.94
roura,20,GF,1553390415.1320648,83,4.73,-52.33,78.8,4.7
jonkoping,0,SE,1553390415.5298636,57,57.78,14.16,37.99,12.75
tyazhinskiy,92,RU,1553390415.834218,94,56.11,88.52,27.34,2.59
altay,0,CN,1553390415.947794,46,47.83,88.13,2.5,3.38
camocim,88,BR,1553390416.2467427,91,-2.9,-40.84,77.11,4.83
taldan,24,RU,1553390416.4457297,67,53.69,124.82,16.63,3.71
inirida,68,CO,1553390416.9268339,94,3.87,-67.92,76.39,2.15
kidal,88,ML,1553390417.0290787,15,18.44,1.41,71.89,4.72
taoudenni,100,ML,1553390417.1573987,17,22.68,-3.98,73.69,9.64
luangwa,8,MZ,1553390417.428209,61,-15.62,30.4,78.91,12.66
melnik,32,BG,1553390417.779149,78,41.52,23.39,48.99,1.36
vestmanna,92,FO,1553390417.882762,86,62.16,-7.17,41.0,13.87
vanavara,0,RU,1553390418.0736384,78,60.35,102.28,3.76,3.15
torbay,90,CA,1553390418.174603,100,47.66,-52.73,37.99,5.82
morehead,1,US,1553390418.410033,18,38.18,-83.43,50.0,3.36
kulhudhuffushi,0,MV,1553390418.607466,100,6.62,73.07,83.68,5.61
gorom-gorom,68,BF,1553390418.8135698,24,14.45,-0.24,77.92,9.08
wagar,8,US,1553390419.4220533,51,31.44,-87.99,62.01,4.94
springdale,90,US,1553390419.724472,100,36.19,-94.13,53.01,9.17
tougue,88,GN,1553390420.020266,65,11.45,-11.68,74.41,2.37
benguela,48,AO,1553390420.2175148,100,-12.58,13.4,79.63,1.14
caxito,12,BR,1553390420.648079,73,-22.65,-42.51,75.4,8.3
morales,0,CO,1553390421.1707845,77,8.28,-73.87,80.44,3.6
vila velha,75,BR,1553390421.266721,94,-3.71,-38.6,79.0,3.36
porto walter,0,BR,1553390421.4635217,92,-8.27,-72.74,77.38,1.48
xining,8,CN,1553390421.5561972,68,36.62,101.77,16.0,2.48
springfield,90,US,1553390422.2499104,87,37.22,-93.29,50.0,10.29
namie,75,JP,1553390422.4458785,64,37.52,140.86,39.2,12.75
luanda,40,AO,1553390422.6431587,83,-8.83,13.24,80.6,6.93
salinopolis,68,BR,1553390422.7410636,100,-0.61,-47.36,79.63,11.54
touros,40,BR,1553390422.8377194,94,-5.2,-35.46,78.8,6.93
amazar,20,RU,1553390422.9290974,51,53.86,120.88,19.96,5.61
forio,0,IT,1553390423.1232402,53,40.73,13.86,57.2,4.7
clyde river,90,CA,1553390423.2152686,82,70.47,-68.59,-16.61,18.34
belaya gora,44,RU,1553390423.45414,80,68.54,146.19,-4.71,4.38
anadyr,90,RU,1553390423.6636865,77,64.73,177.51,8.01,4.47
kondinskoye,0,RU,1553390423.7767463,68,59.65,67.41,15.82,4.83
laizhou,0,CN,1553390424.007666,73,37.18,119.93,37.33,13.89
lagoa,0,PT,1553390424.1237104,82,37.14,-8.45,57.99,9.17
quzhou,76,CN,1553390424.5491326,71,28.97,118.86,44.98,4.05
issoire,0,FR,1553390424.7364004,69,45.54,3.25,39.2,2.24
porto torres,0,IT,1553390424.9251416,93,40.84,8.4,42.8,4.72
worland,1,US,1553390425.0335534,28,44.02,-107.96,59.0,3.36
marsaxlokk,75,MT,1553390425.3053253,87,35.84,14.54,55.4,5.82
smoky lake,0,CA,1553390425.8081405,87,54.11,-112.47,36.88,12.55
ketchikan,90,US,1553390425.8985524,81,55.34,-131.65,51.8,16.11
poya,12,NC,1553390426.0888062,93,-21.35,165.16,81.07,8.19
batagay,24,RU,1553390426.185305,64,67.65,134.64,-0.66,2.93
sao joao da barra,20,BR,1553390426.2921867,98,-21.64,-41.05,80.8,12.44
nong ki,20,TH,1553390426.4800432,69,14.69,102.54,91.0,6.93
topolobampo,5,MX,1553390426.669173,31,25.6,-109.05,78.01,13.87
mugur-aksy,0,RU,1553390426.866307,55,50.38,90.44,-6.51,2.71
gari,0,RU,1553390427.4079192,74,59.43,62.35,16.99,2.26
praia da vitoria,75,PT,1553390427.4991853,76,38.73,-27.07,55.4,27.98
severodvinsk,90,RU,1553390427.6885896,88,64.56,39.82,33.8,11.18
hirara,75,JP,1553390427.8127687,68,24.8,125.28,66.2,13.87
ust-maya,20,RU,1553390427.9028833,50,60.42,134.54,0.7,4.05
sur,12,OM,1553390428.00543,95,22.57,59.53,72.16,5.17
bejar,0,AL,1553390428.195402,100,40.49,19.83,42.73,2.26
rio gallegos,0,AR,1553390428.38872,87,-51.62,-69.22,51.8,12.75
mount pleasant,90,US,1553390429.177548,56,33.16,-94.97,71.6,6.93
canico,40,PT,1553390429.6878366,72,32.63,-16.85,60.8,10.29
allanton,20,GB,1553390429.895177,86,55.8,-3.83,42.01,12.75
nowy dwor gdanski,0,PL,1553390430.1738687,72,54.21,19.12,42.01,13.87
malpe,20,IN,1553390430.4821112,88,13.35,74.72,77.0,3.36
qinnan,24,CN,1553390430.5925994,71,33.25,119.91,42.46,8.75
carberry,75,CA,1553390430.7826197,90,49.87,-99.36,39.2,26.4
rong kwang,20,TH,1553390430.9915078,88,18.34,100.32,66.2,3.83
helong,92,CN,1553390431.3006308,99,25.94,116.13,51.01,3.15
casas grandes,0,MX,1553390431.6062546,18,30.15,-110.24,73.15,3.83
kudahuvadhoo,56,MV,1553390431.711208,100,2.67,72.89,84.49,10.87
aksu,90,KZ,1553390431.856821,100,52.04,76.93,28.4,6.71
petropavlovskoye,40,RU,1553390432.056211,57,46.79,142.5,23.0,4.27
steinbach,75,CA,1553390433.5521433,93,49.53,-96.69,35.6,3.36
saint-georges,0,CA,1553390433.6577544,75,46.12,-70.67,28.99,5.99
belyy yar,0,RU,1553390433.848463,62,53.6,91.39,21.2,2.24
florida ridge,1,US,1553390434.0420277,72,27.58,-80.39,68.0,5.82
souillac,0,FR,1553390434.1524603,66,45.6,-0.6,50.0,3.36
pangnirtung,76,CA,1553390434.2641797,67,66.15,-65.72,1.51,27.65
oksfjord,44,NO,1553390434.3663735,63,70.24,22.35,32.0,6.93
khomeyn,20,IR,1553390434.5644946,86,33.64,50.08,25.36,2.59
jinxi,92,CN,1553390434.6686475,85,27.92,116.75,50.83,5.28
inverness,44,GB,1553390435.0853288,86,57.48,-4.23,42.01,16.11
trinidad,8,UY,1553390435.7034082,66,-33.52,-56.9,62.71,6.4
eydhafushi,32,MV,1553390435.7999392,96,5.1,73.07,85.66,8.97
rabo de peixe,75,PT,1553390436.0103724,76,37.8,-25.58,55.4,21.92
mae hong son,0,MM,1553390436.203253,82,19.3,97.96,64.4,2.04
piacabucu,56,BR,1553390436.3968253,93,-10.41,-36.43,77.65,6.62
nelson bay,0,AU,1553390436.4910228,58,-32.72,152.14,88.0,10.29
soyo,80,AO,1553390436.5813985,97,-6.13,12.37,75.4,2.93
talnakh,64,RU,1553390436.6872568,81,69.49,88.39,5.56,6.17
bodden town,20,KY,1553390436.9055054,78,19.28,-81.25,80.6,10.29
karasjok,64,NO,1553390437.0979748,68,69.47,25.52,28.4,12.75
carahue,0,CL,1553390437.2985773,76,-38.71,-73.16,57.2,5.82
peleduy,12,RU,1553390437.4947252,56,59.63,112.75,5.11,4.16
kutum,12,SD,1553390437.595013,47,14.2,24.66,64.06,2.71
pampa,1,US,1553390437.8527842,36,35.54,-100.96,64.4,5.82
estevan,1,CA,1553390438.1599271,87,49.14,-102.99,51.01,11.41
the pas,1,CA,1553390438.3727899,49,53.82,-101.24,23.0,8.05
egvekinot,76,RU,1553390438.4848204,80,66.32,-179.17,2.77,4.5
leningradskiy,80,RU,1553390438.6873662,90,69.38,178.42,-3.99,20.27
metkovic,0,HR,1553390438.8886633,61,43.05,17.65,48.2,2.24
mildura,92,AU,1553390438.991801,73,-34.18,142.16,73.4,8.05
richmond,40,CA,1553390439.2878847,71,49.16,-123.14,59.0,9.17
filingue,44,NE,1553390439.6972246,19,14.35,3.32,79.36,11.77
santiago del estero,0,AR,1553390439.8299427,64,-27.8,-64.26,75.94,9.31
the valley,20,AI,1553390440.029068,74,18.22,-63.06,78.8,9.17
praia,75,BR,1553390440.1478658,73,-20.25,-43.81,71.6,10.29
boa vista,0,BR,1553390441.538785,43,2.82,-60.67,87.8,8.05
oktyabrskoye,40,RU,1553390441.6310825,91,56.73,85.44,32.0,6.71
takestan,24,IR,1553390441.8283887,98,36.07,49.69,36.79,2.59
sokoni,20,CD,1553390442.011216,69,-12.89,28.78,69.64,6.4
otradnoye,90,RU,1553390442.4620328,86,59.77,30.8,39.2,6.71
iquitos,0,PE,1553390442.567846,88,-3.75,-73.25,78.8,2.24
sambava,8,MG,1553390442.6664383,100,-14.27,50.17,81.52,14.45
raudeberg,92,NO,1553390442.8717005,80,61.99,5.14,41.0,20.8
moanda,80,CD,1553390443.068522,97,-5.93,12.38,75.4,2.93
vinukonda,0,IN,1553390443.2540982,93,16.05,79.74,71.98,3.38
magadi,8,IN,1553390443.689568,73,12.96,77.22,75.2,3.36
waipawa,0,NZ,1553390443.8865323,57,-39.94,176.59,72.16,3.49
livani,8,LV,1553390444.126774,89,56.35,26.18,40.75,13.89
port said,92,EG,1553390444.3204954,14,25.34,30.55,80.8,12.44
agadir,92,MA,1553390444.5073373,67,30.42,-9.58,59.0,19.46
jacareacanga,88,BR,1553390444.7950277,96,-6.22,-57.76,74.5,2.15
miles city,20,US,1553390444.9968371,54,46.41,-105.84,55.4,4.7
chickasha,40,US,1553390445.1938324,68,35.05,-97.94,69.8,9.17
meshcherino,0,RU,1553390445.4309745,92,55.2,38.36,30.0,2.24
pauini,48,BR,1553390445.7243023,94,-7.71,-67.0,75.4,1.48
murmashi,0,RU,1553390445.9200246,76,68.82,32.82,32.0,6.71
concarneau,0,FR,1553390446.1477764,93,47.88,-3.92,48.2,6.93
paamiut,20,GL,1553390446.2497976,100,61.99,-49.67,19.69,10.76
akhnur,75,IN,1553390446.3561316,76,32.87,74.73,57.2,1.12
sao felix do xingu,92,BR,1553390446.5475326,100,-6.64,-51.99,72.61,1.81
maumere,68,ID,1553390446.734524,96,-8.63,122.22,83.05,13.67
northam,92,GB,1553390446.9287488,70,51.04,-4.21,48.0,5.82
zonguldak,88,TR,1553390447.1199882,89,41.25,31.83,38.41,3.71
vieques,20,PR,1553390447.479607,69,18.43,-65.83,79.0,6.93
farmington,75,US,1553390447.582213,34,36.73,-108.21,53.6,12.75
abha,0,SA,1553390447.7783494,54,18.22,42.5,59.0,5.82
dinghai,90,CN,1553390448.080621,62,26.28,119.79,53.6,8.95
ust-tsilma,88,RU,1553390448.2885664,74,65.44,52.15,32.65,11.77
zirandaro,0,MX,1553390448.4832563,20,18.45,-100.98,92.86,3.38
ossora,12,RU,1553390448.682008,90,59.24,163.07,18.52,9.42
nyurba,68,RU,1553390448.873755,68,63.29,118.35,13.39,8.41
codajas,44,BR,1553390449.1184568,90,-3.84,-62.06,77.38,2.04
hammerfest,44,NO,1553390449.2129524,63,70.66,23.68,30.2,6.93
sioux lookout,20,CA,1553390449.3051276,49,50.1,-91.92,48.2,6.93
koumac,44,NC,1553390449.4983685,80,-20.56,164.28,82.24,9.08
